{"info": {"K": 250, "model": "vanilla_mf_with_avg", "drop": "True", "samples": 1}, "235": {"loved_count": 20, "played_count": 200, "dropped_tracks": 1, "top250": [22685, 3944, 125, 89, 19391, 123, 141, 22683, 3426, 16694, 36943, 9282, 22686, 16939, 16937, 3091, 3213, 16295, 18848, 3275, 36931, 38604, 7801, 3344, 19238, 224, 42400, 570, 23738, 46094, 3949, 18178, 9089, 41351, 3301, 17113, 22765, 38603, 19605, 41476, 16686, 3341, 11009, 22559, 19226, 2825, 19603, 27628, 3921, 7832, 27635, 22669, 26297, 11930, 20021, 13765, 9003, 34, 22833, 4573, 520, 45370, 22756, 677, 22680, 13505, 19590, 58445, 2610, 40382, 7835, 33162, 9008, 22682, 19554, 14015, 22668, 2014, 20917, 38022, 2816, 42960, 18457, 2943, 46431, 38602, 602, 33, 42403, 32150, 3128, 18511, 57316, 8999, 20278, 45066, 30220, 46006, 20069, 19604, 27312, 30766, 44989, 30565, 9094, 22684, 36961, 9183, 23753, 9210, 46461, 33152, 2075, 27314, 30976, 22612, 4418, 22598, 30400, 18424, 3130, 31, 13499, 22624, 33178, 16921, 33183, 18513, 67624, 26164, 40878, 27889, 43504, 351, 30519, 3083, 16172, 38356, 19116, 2423, 27346, 138, 46565, 7834, 7810, 33147, 819, 19484, 26536, 45951, 16887, 2191, 652, 18774, 31129, 58636, 22590, 18351, 30931, 27231, 3247, 21676, 44638, 7802, 3896, 24119, 4579, 18669, 63, 20205, 20046, 43412, 46272, 516, 15563, 22665, 3342, 50903, 10203, 9010, 27297, 19649, 9226, 18512, 15552, 27268, 17082, 77272, 286, 3943, 33137, 5859, 4860, 19485, 46221, 20499, 27163, 52501, 7819, 18190, 3939, 45418, 10873, 17155, 20294, 40340, 1989, 2939, 19401, 38623, 4116, 38577, 34579, 37697, 72, 3568, 17436, 362279, 39801, 17119, 22658, 28332, 27232, 38581, 11542, 3318, 19994, 32, 34998, 22737, 30330, 3203, 18547, 1557, 30746, 40682, 3272, 46579, 27630, 52726, 39807, 43083, 13849, 23711, 2898, 63367, 19332, 38490, 17842, 45437], "P@K": {"loved_score": 0.0, "played_score": 0.036, "related_score": 0.036, "dropped_score": 0.0}, "R@K": {"loved_score": 0.0, "played_score": 0.05, "related_score": 0.045454545454545456, "dropped_score": 0.0}, "MAP": {"loved_score": 100135.2, "played_score": 153444.89, "related_score": 148598.55454545454, "dropped_score": 7645.0}}, "average": {"loved_count": 20.0, "played_count": 200.0, "P@K": {"loved_score": 0.0, "played_score": 0.036, "related_score": 0.036, "dropped_score": 0.0}, "R@K": {"loved_score": 0.0, "played_score": 0.05, "related_score": 0.045454545454545456, "dropped_score": 0.0}, "MAP": {"loved_score": 100135.2, "played_score": 153444.89, "related_score": 148598.55454545454, "dropped_score": 7645.0}}}